{"properties":{"connectionReferences":{"shared_sharepointonline":{"runtimeSource":"embedded","connection":{},"api":{"name":"shared_sharepointonline"}},"shared_office365users":{"runtimeSource":"embedded","connection":{},"api":{"name":"shared_office365users"}},"shared_approvals":{"runtimeSource":"embedded","connection":{},"api":{"name":"shared_approvals"}},"shared_teams":{"runtimeSource":"embedded","connection":{},"api":{"name":"shared_teams"}}},"definition":{"$schema":"https://schema.management.azure.com/providers/Microsoft.Logic/schemas/2016-06-01/workflowdefinition.json#","contentVersion":"1.0.0.0","parameters":{"$connections":{"defaultValue":{},"type":"Object"},"$authentication":{"defaultValue":{},"type":"SecureObject"}},"triggers":{"Recurrence":{"recurrence":{"frequency":"Minute","interval":5},"type":"Recurrence"}},"actions":{"Get_items":{"runAfter":{"Initialize_variable_-_FinalApproval":["Succeeded"]},"type":"OpenApiConnection","inputs":{"host":{"apiId":"/providers/Microsoft.PowerApps/apis/shared_sharepointonline","connectionName":"shared_sharepointonline","operationId":"GetItems"},"parameters":{"dataset":"https://m365x787726.sharepoint.com/sites/ContosoServiceDesk","table":"352ed0a3-632a-454d-8e2a-0f0696c39439","$filter":"ApprovalStatus eq 'Started'"},"authentication":"@parameters('$authentication')"}},"Scope":{"actions":{"Apply_to_each_3":{"foreach":"@outputs('Get_items')?['body/value']","actions":{"Get_user_profile_(V2)":{"runAfter":{},"type":"OpenApiConnection","inputs":{"host":{"apiId":"/providers/Microsoft.PowerApps/apis/shared_office365users","connectionName":"shared_office365users","operationId":"UserProfile_V2"},"parameters":{"id":"@items('Apply_to_each_3')?['Requestor/Email']","$select":"*"},"authentication":"@parameters('$authentication')"}},"Get_manager_(V2)":{"runAfter":{"Get_user_profile_(V2)":["Succeeded","Failed"]},"type":"OpenApiConnection","inputs":{"host":{"apiId":"/providers/Microsoft.PowerApps/apis/shared_office365users","connectionName":"shared_office365users","operationId":"Manager_V2"},"parameters":{"id":"@outputs('Get_user_profile_(V2)')?['body/userPrincipalName']"},"authentication":"@parameters('$authentication')"}},"Condition_-_Missing_Manager":{"actions":{"Set_variable_-_Manager_set":{"runAfter":{},"type":"SetVariable","inputs":{"name":"Manager","value":"@outputs('Get_manager_(V2)')?['body/mail']"}}},"runAfter":{"Get_manager_(V2)":["Succeeded","Failed"]},"else":{"actions":{"Set_variable_-_Missing_Manager":{"runAfter":{},"type":"SetVariable","inputs":{"name":"Manager","value":"@variables('MissingManager')"}}}},"expression":{"not":{"equals":["@outputs('Get_manager_(V2)')?['body/displayName']","@null"]}},"type":"If","description":"Checking for missing manager"},"Start_and_wait_for_an_approval":{"runAfter":{"Condition_-_Missing_Manager":["Succeeded"]},"type":"OpenApiConnectionWebhook","inputs":{"host":{"apiId":"/providers/Microsoft.PowerApps/apis/shared_approvals","connectionName":"shared_approvals","operationId":"StartAndWaitForAnApproval"},"parameters":{"approvalType":"Basic","WebhookApprovalCreationInput/title":"@items('Apply_to_each_3')?['TeamName']","WebhookApprovalCreationInput/assignedTo":"@variables('Manager')","WebhookApprovalCreationInput/enableNotifications":true,"WebhookApprovalCreationInput/enableReassignment":true},"authentication":"@parameters('$authentication')"}},"Condition_-_Manager_Approval":{"actions":{"Update_item_-_Manager_Approved":{"runAfter":{},"type":"OpenApiConnection","inputs":{"host":{"apiId":"/providers/Microsoft.PowerApps/apis/shared_sharepointonline","connectionName":"shared_sharepointonline","operationId":"PatchItem"},"parameters":{"dataset":"https://m365x787726.sharepoint.com/sites/ContosoServiceDesk","table":"352ed0a3-632a-454d-8e2a-0f0696c39439","id":"@items('Apply_to_each_3')?['ID']","item/ApprovalStatus/Value":"Approved - Manager"},"authentication":"@parameters('$authentication')"}},"Start_and_wait_for_an_approval_-_Final":{"runAfter":{"Update_item_-_Manager_Approved":["Succeeded"]},"type":"OpenApiConnectionWebhook","inputs":{"host":{"apiId":"/providers/Microsoft.PowerApps/apis/shared_approvals","connectionName":"shared_approvals","operationId":"StartAndWaitForAnApproval"},"parameters":{"approvalType":"Basic","WebhookApprovalCreationInput/title":"@items('Apply_to_each_3')?['Title']","WebhookApprovalCreationInput/assignedTo":"@{variables('FinalApproval')};","WebhookApprovalCreationInput/enableNotifications":true,"WebhookApprovalCreationInput/enableReassignment":true},"authentication":"@parameters('$authentication')"}},"Condition_-_Final_Approver":{"actions":{"Create_a_team":{"runAfter":{},"type":"OpenApiConnection","inputs":{"host":{"apiId":"/providers/Microsoft.PowerApps/apis/shared_teams","connectionName":"shared_teams","operationId":"CreateATeam"},"parameters":{"body/displayName":"@items('Apply_to_each_3')?['TeamName']","body/description":"@items('Apply_to_each_3')?['TeamDescription']","body/visibility":"Private"},"authentication":"@parameters('$authentication')"}},"Apply_to_each_-_Add_Members":{"foreach":"@items('Apply_to_each_3')?['TeamMembers']","actions":{"Add_a_member_to_a_team":{"runAfter":{},"type":"OpenApiConnection","inputs":{"host":{"apiId":"/providers/Microsoft.PowerApps/apis/shared_teams","connectionName":"shared_teams","operationId":"AddMemberToTeam"},"parameters":{"teamId":"@outputs('Create_a_team')?['body/newTeamId']","body/userId":"@items('Apply_to_each_-_Add_Members')?['Claims']"},"authentication":"@parameters('$authentication')"}},"Apply_to_each_-_Add_Owners":{"foreach":"@items('Apply_to_each_3')?['TeamOwner']","actions":{"Add_a_Owner_to_a_team_":{"runAfter":{},"type":"OpenApiConnection","inputs":{"host":{"apiId":"/providers/Microsoft.PowerApps/apis/shared_teams","connectionName":"shared_teams","operationId":"AddMemberToTeam"},"parameters":{"teamId":"@outputs('Create_a_team')?['body/newTeamId']","body/userId":"@items('Apply_to_each_-_Add_Owners')?['Claims']"},"authentication":"@parameters('$authentication')"}}},"runAfter":{"Add_a_member_to_a_team":["Succeeded"]},"type":"Foreach"}},"runAfter":{"Create_a_team":["Succeeded"]},"type":"Foreach"},"Update_item":{"runAfter":{"Apply_to_each_-_Add_Members":["Succeeded"]},"type":"OpenApiConnection","inputs":{"host":{"apiId":"/providers/Microsoft.PowerApps/apis/shared_sharepointonline","connectionName":"shared_sharepointonline","operationId":"PatchItem"},"parameters":{"dataset":"https://m365x787726.sharepoint.com/sites/ContosoServiceDesk","table":"352ed0a3-632a-454d-8e2a-0f0696c39439","id":"@outputs('Update_item_-_Manager_Approved')?['body/ID']","item/ApprovalStatus/Value":"Approved - Corporate Engagement"},"authentication":"@parameters('$authentication')"}}},"runAfter":{"Start_and_wait_for_an_approval_-_Final":["Succeeded"]},"else":{"actions":{"Update_item_-Reject_Final":{"runAfter":{},"type":"OpenApiConnection","inputs":{"host":{"apiId":"/providers/Microsoft.PowerApps/apis/shared_sharepointonline","connectionName":"shared_sharepointonline","operationId":"PatchItem"},"parameters":{"dataset":"https://m365x787726.sharepoint.com/sites/ContosoServiceDesk","table":"352ed0a3-632a-454d-8e2a-0f0696c39439","id":"@items('Apply_to_each_3')?['ID']","item/Title":"@items('Apply_to_each_3')?['Title']","item/Requestor/Claims":"@items('Apply_to_each_3')?['Requestor/Claims']","item/ApprovalStatus/Value":"Rejected - Corporate Engagement"},"authentication":"@parameters('$authentication')"}}}},"expression":{"equals":["@outputs('Start_and_wait_for_an_approval_-_Final')?['body/outcome']","Approve"]},"type":"If"}},"runAfter":{"Start_and_wait_for_an_approval":["Succeeded"]},"else":{"actions":{"Update_item_-_Manager_Rejected":{"runAfter":{},"type":"OpenApiConnection","inputs":{"host":{"apiId":"/providers/Microsoft.PowerApps/apis/shared_sharepointonline","connectionName":"shared_sharepointonline","operationId":"PatchItem"},"parameters":{"dataset":"https://m365x787726.sharepoint.com/sites/ContosoServiceDesk","table":"352ed0a3-632a-454d-8e2a-0f0696c39439","id":"@items('Apply_to_each_3')?['ID']","item/ApprovalStatus/Value":"Rejected - Manager"},"authentication":"@parameters('$authentication')"}}}},"expression":{"equals":["@outputs('Start_and_wait_for_an_approval')?['body/outcome']","Approve"]},"type":"If"},"Compose_-_Get_Flow_Info":{"runAfter":{"Condition_-_Manager_Approval":["Succeeded"]},"type":"Compose","inputs":"@workflow()"},"Compose_-_Create_Flow_Status_Link":{"runAfter":{"Compose_-_Get_Flow_Info":["Succeeded"]},"type":"Compose","inputs":"@concat('https://us.flow.microsoft.com/manage/environments/',outputs('Compose_-_Get_Flow_Info')['tags']['environmentName'],'/flows/',outputs('Compose_-_Get_Flow_Info')['name'],'/runs/',outputs('Compose_-_Get_Flow_Info')['run']['name'])"},"Condition":{"actions":{"Update_item_-_Final_Update":{"runAfter":{},"type":"OpenApiConnection","inputs":{"host":{"apiId":"/providers/Microsoft.PowerApps/apis/shared_sharepointonline","connectionName":"shared_sharepointonline","operationId":"PatchItem"},"parameters":{"dataset":"https://m365x787726.sharepoint.com/sites/ContosoServiceDesk","table":"352ed0a3-632a-454d-8e2a-0f0696c39439","id":"@items('Apply_to_each_3')?['ID']","item/Status":"@outputs('Compose_-_Create_Flow_Status_Link')","item/Depart":"Completed"},"authentication":"@parameters('$authentication')"}}},"runAfter":{"Compose_-_Create_Flow_Status_Link":["Succeeded"]},"expression":{"startsWith":["@items('Apply_to_each_3')?['ApprovalStatus/Value']","Approved - Corporate Engagement"]},"type":"If"}},"runAfter":{},"type":"Foreach","runtimeConfiguration":{"concurrency":{"repetitions":20}}}},"runAfter":{"Apply_to_each_-_Update_Status_to_Approval_Started":["Succeeded"]},"type":"Scope"},"Initialize_variable_-_Manager":{"runAfter":{"Initialize_variable_-_MissingManager":["Succeeded"]},"type":"InitializeVariable","inputs":{"variables":[{"name":"Manager","type":"string"}]},"description":"Variable for Manager"},"Initialize_variable_-_MissingManager":{"runAfter":{},"type":"InitializeVariable","inputs":{"variables":[{"name":"MissingManager","type":"string","value":"admin@m365x787726.onmicrosoft.com"}]},"description":"Variable where you missing manager"},"Initialize_variable_-_FinalApproval":{"runAfter":{"Initialize_variable_-_Manager":["Succeeded"]},"type":"InitializeVariable","inputs":{"variables":[{"name":"FinalApproval","type":"string","value":"admin@m365x787726.onmicrosoft.com"}]},"description":"Who the final approval goes to"},"Apply_to_each_-_Update_Status_to_Approval_Started":{"foreach":"@outputs('Get_items')?['body/value']","actions":{"Update_item_-_Change_status_to_Approval_Started":{"runAfter":{},"type":"OpenApiConnection","inputs":{"host":{"apiId":"/providers/Microsoft.PowerApps/apis/shared_sharepointonline","connectionName":"shared_sharepointonline","operationId":"PatchItem"},"parameters":{"dataset":"https://m365x787726.sharepoint.com/sites/ContosoServiceDesk","table":"352ed0a3-632a-454d-8e2a-0f0696c39439","id":"@items('Apply_to_each_-_Update_Status_to_Approval_Started')?['ID']","item/ApprovalStatus/Value":"Approval Started"},"authentication":"@parameters('$authentication')"}}},"runAfter":{"Get_items":["Succeeded"]},"type":"Foreach"}}}},"schemaVersion":"1.0.0.0"}