{"properties":{"connectionReferences":{"shared_sharepointonline":{"runtimeSource":"embedded","connection":{},"api":{"name":"shared_sharepointonline"}}},"definition":{"$schema":"https://schema.management.azure.com/providers/Microsoft.Logic/schemas/2016-06-01/workflowdefinition.json#","contentVersion":"1.0.0.0","parameters":{"$connections":{"defaultValue":{},"type":"Object"},"$authentication":{"defaultValue":{},"type":"SecureObject"}},"triggers":{"When_an_item_is_created":{"recurrence":{"frequency":"Minute","interval":1},"splitOn":"@triggerOutputs()?['body/value']","type":"OpenApiConnection","inputs":{"host":{"apiId":"/providers/Microsoft.PowerApps/apis/shared_sharepointonline","connectionName":"shared_sharepointonline","operationId":"GetOnNewItems"},"parameters":{"dataset":"https://m365x787726.sharepoint.com/sites/ContosoServiceDesk","table":"352ed0a3-632a-454d-8e2a-0f0696c39439"},"authentication":"@parameters('$authentication')"}}},"actions":{"Update_item":{"runAfter":{},"type":"OpenApiConnection","inputs":{"host":{"apiId":"/providers/Microsoft.PowerApps/apis/shared_sharepointonline","connectionName":"shared_sharepointonline","operationId":"PatchItem"},"parameters":{"dataset":"https://m365x787726.sharepoint.com/sites/ContosoServiceDesk","table":"352ed0a3-632a-454d-8e2a-0f0696c39439","id":"@triggerOutputs()?['body/ID']","item/Title":"@{triggerOutputs()?['body/TeamName']}-@{triggerOutputs()?['body/ID']}","item/ApprovalStatus/Value":"Started"},"authentication":"@parameters('$authentication')"}}}}},"schemaVersion":"1.0.0.0"}