{"name":"dc529daf-05c0-4da8-81bd-e385944a3d05","id":"/providers/Microsoft.Flow/flows/dc529daf-05c0-4da8-81bd-e385944a3d05","type":"Microsoft.Flow/flows","properties":{"apiId":"/providers/Microsoft.PowerApps/apis/shared_logicflows","displayName":"Create Team from App - Scheduled","definition":{"metadata":{"workflowEntityId":null,"flowclientsuspensionreason":"None","flowclientsuspensiontime":null,"creator":{"id":"4cef3b45-5b6a-4558-b53e-b189043d4976","type":"User","tenantId":"ef72eb8f-f107-4500-a151-513ba683e1f9"},"provisioningMethod":"FromDefinition","failureAlertSubscription":true,"clientLastModifiedTime":"2020-10-30T19:51:39.4777341Z"},"$schema":"https://schema.management.azure.com/providers/Microsoft.Logic/schemas/2016-06-01/workflowdefinition.json#","contentVersion":"1.0.0.0","parameters":{"$connections":{"defaultValue":{},"type":"Object"},"$authentication":{"defaultValue":{},"type":"SecureObject"}},"triggers":{"Recurrence":{"recurrence":{"frequency":"Hour","interval":1},"type":"Recurrence"}},"actions":{"Get_items":{"runAfter":{"Initialize_variable_-_FinalApproval":["Succeeded"]},"type":"OpenApiConnection","inputs":{"host":{"apiId":"/providers/Microsoft.PowerApps/apis/shared_sharepointonline","connectionName":"shared_sharepointonline","operationId":"GetItems"},"parameters":{"dataset":"https://m365x787726.sharepoint.com/sites/ContosoServiceDesk","table":"352ed0a3-632a-454d-8e2a-0f0696c39439","$filter":"ApprovalStatus eq 'Started'"},"authentication":"@parameters('$authentication')"}},"Scope":{"actions":{"Apply_to_each_3":{"foreach":"@outputs('Get_items')?['body/value']","actions":{"Get_user_profile_(V2)":{"runAfter":{},"type":"OpenApiConnection","inputs":{"host":{"apiId":"/providers/Microsoft.PowerApps/apis/shared_office365users","connectionName":"shared_office365users","operationId":"UserProfile_V2"},"parameters":{"id":"@items('Apply_to_each_3')?['Requestor/Email']","$select":"*"},"authentication":"@parameters('$authentication')"}},"Get_manager_(V2)":{"runAfter":{"Get_user_profile_(V2)":["Succeeded","Failed"]},"type":"OpenApiConnection","inputs":{"host":{"apiId":"/providers/Microsoft.PowerApps/apis/shared_office365users","connectionName":"shared_office365users","operationId":"Manager_V2"},"parameters":{"id":"@outputs('Get_user_profile_(V2)')?['body/userPrincipalName']"},"authentication":"@parameters('$authentication')"}},"Condition_-_Missing_Manager":{"actions":{"Set_variable_-_Manager_set":{"runAfter":{},"type":"SetVariable","inputs":{"name":"Manager","value":"@outputs('Get_manager_(V2)')?['body/mail']"}}},"runAfter":{"Get_manager_(V2)":["Succeeded","Failed"]},"else":{"actions":{"Set_variable_-_Missing_Manager":{"runAfter":{},"type":"SetVariable","inputs":{"name":"Manager","value":"@variables('MissingManager')"}}}},"expression":{"not":{"equals":["@outputs('Get_manager_(V2)')?['body/displayName']","@null"]}},"type":"If","description":"Checking for missing manager"},"Start_and_wait_for_an_approval":{"runAfter":{"Condition_-_Missing_Manager":["Succeeded"]},"type":"OpenApiConnectionWebhook","inputs":{"host":{"apiId":"/providers/Microsoft.PowerApps/apis/shared_approvals","connectionName":"shared_approvals","operationId":"StartAndWaitForAnApproval"},"parameters":{"approvalType":"Basic","WebhookApprovalCreationInput/title":"@items('Apply_to_each_3')?['TeamName']","WebhookApprovalCreationInput/assignedTo":"@variables('Manager')","WebhookApprovalCreationInput/itemLink":"@items('Apply_to_each_3')?['{Link}']","WebhookApprovalCreationInput/itemLinkDescription":"@items('Apply_to_each_3')?['TeamName']","WebhookApprovalCreationInput/enableNotifications":true,"WebhookApprovalCreationInput/enableReassignment":true},"authentication":"@parameters('$authentication')"}},"Condition_-_Manager_Approval":{"actions":{"Update_item_-_Manager_Approved":{"runAfter":{},"type":"OpenApiConnection","inputs":{"host":{"apiId":"/providers/Microsoft.PowerApps/apis/shared_sharepointonline","connectionName":"shared_sharepointonline","operationId":"PatchItem"},"parameters":{"dataset":"https://m365x787726.sharepoint.com/sites/ContosoServiceDesk","table":"352ed0a3-632a-454d-8e2a-0f0696c39439","id":"@items('Apply_to_each_3')?['ID']","item/ApprovalStatus/Value":"Approved - Manager"},"authentication":"@parameters('$authentication')"}},"Start_and_wait_for_an_approval_-_Final":{"runAfter":{"Update_item_-_Manager_Approved":["Succeeded"]},"type":"OpenApiConnectionWebhook","inputs":{"host":{"apiId":"/providers/Microsoft.PowerApps/apis/shared_approvals","connectionName":"shared_approvals","operationId":"StartAndWaitForAnApproval"},"parameters":{"approvalType":"Basic","WebhookApprovalCreationInput/title":"@items('Apply_to_each_3')?['TeamName']","WebhookApprovalCreationInput/assignedTo":"@{variables('FinalApproval')};","WebhookApprovalCreationInput/enableNotifications":true,"WebhookApprovalCreationInput/enableReassignment":true},"authentication":"@parameters('$authentication')"}},"Condition_-_Final_Approver":{"actions":{"Create_a_team":{"runAfter":{},"type":"OpenApiConnection","inputs":{"host":{"apiId":"/providers/Microsoft.PowerApps/apis/shared_teams","connectionName":"shared_teams","operationId":"CreateATeam"},"parameters":{"body/displayName":"@items('Apply_to_each_3')?['TeamName']","body/description":"@items('Apply_to_each_3')?['TeamDescription']","body/visibility":"Private"},"authentication":"@parameters('$authentication')"}},"Update_item":{"runAfter":{"Apply_to_each_-_Owner":["Succeeded"]},"type":"OpenApiConnection","inputs":{"host":{"apiId":"/providers/Microsoft.PowerApps/apis/shared_sharepointonline","connectionName":"shared_sharepointonline","operationId":"PatchItem"},"parameters":{"dataset":"https://m365x787726.sharepoint.com/sites/ContosoServiceDesk","table":"352ed0a3-632a-454d-8e2a-0f0696c39439","id":"@outputs('Update_item_-_Manager_Approved')?['body/ID']","item/ApprovalStatus/Value":"Approved - Corporate Engagement"},"authentication":"@parameters('$authentication')"}},"Apply_to_each_-Member":{"foreach":"@outputs('Update_item_-_Manager_Approved')?['body/TeamMembers']","actions":{"Add_a_member_to_a_team":{"runAfter":{},"type":"OpenApiConnection","inputs":{"host":{"apiId":"/providers/Microsoft.PowerApps/apis/shared_teams","connectionName":"shared_teams","operationId":"AddMemberToTeam"},"parameters":{"teamId":"@outputs('Create_a_team')?['body/newTeamId']","body/userId":"@items('Apply_to_each_-Member')?['Email']","body/owner":false},"authentication":"@parameters('$authentication')"}}},"runAfter":{"Create_a_team":["Succeeded"]},"type":"Foreach"},"Apply_to_each_-_Owner":{"foreach":"@outputs('Update_item_-_Manager_Approved')?['body/TeamOwner']","actions":{"Add_a_Owner_to_a_team_":{"runAfter":{},"type":"OpenApiConnection","inputs":{"host":{"apiId":"/providers/Microsoft.PowerApps/apis/shared_teams","connectionName":"shared_teams","operationId":"AddMemberToTeam"},"parameters":{"teamId":"@outputs('Create_a_team')?['body/newTeamId']","body/userId":"@items('Apply_to_each_-_Owner')?['Email']","body/owner":true},"authentication":"@parameters('$authentication')"}}},"runAfter":{"Apply_to_each_-Member":["Succeeded"]},"type":"Foreach"},"Delay":{"runAfter":{"Update_item":["Succeeded"]},"type":"Wait","inputs":{"interval":{"count":10,"unit":"Minute"}}},"Update_item_-_Completed":{"runAfter":{"Delay":["Succeeded"]},"type":"OpenApiConnection","inputs":{"host":{"apiId":"/providers/Microsoft.PowerApps/apis/shared_sharepointonline","connectionName":"shared_sharepointonline","operationId":"PatchItem"},"parameters":{"dataset":"https://m365x787726.sharepoint.com/sites/ContosoServiceDesk","table":"352ed0a3-632a-454d-8e2a-0f0696c39439","id":"@items('Apply_to_each_3')?['ID']","item/ApprovalStatus/Value":"Completed"},"authentication":"@parameters('$authentication')"}}},"runAfter":{"Start_and_wait_for_an_approval_-_Final":["Succeeded"]},"else":{"actions":{"Update_item_-Reject_Final":{"runAfter":{},"type":"OpenApiConnection","inputs":{"host":{"apiId":"/providers/Microsoft.PowerApps/apis/shared_sharepointonline","connectionName":"shared_sharepointonline","operationId":"PatchItem"},"parameters":{"dataset":"https://m365x787726.sharepoint.com/sites/ContosoServiceDesk","table":"352ed0a3-632a-454d-8e2a-0f0696c39439","id":"@items('Apply_to_each_3')?['ID']","item/ApprovalStatus/Value":"Rejected - Corporate Engagement"},"authentication":"@parameters('$authentication')"}}}},"expression":{"equals":["@outputs('Start_and_wait_for_an_approval_-_Final')?['body/outcome']","Approve"]},"type":"If"}},"runAfter":{"Start_and_wait_for_an_approval":["Succeeded"]},"else":{"actions":{"Update_item_-_Manager_Rejected":{"runAfter":{},"type":"OpenApiConnection","inputs":{"host":{"apiId":"/providers/Microsoft.PowerApps/apis/shared_sharepointonline","connectionName":"shared_sharepointonline","operationId":"PatchItem"},"parameters":{"dataset":"https://m365x787726.sharepoint.com/sites/ContosoServiceDesk","table":"352ed0a3-632a-454d-8e2a-0f0696c39439","id":"@items('Apply_to_each_3')?['ID']","item/ApprovalStatus/Value":"Rejected - Manager"},"authentication":"@parameters('$authentication')"}}}},"expression":{"equals":["@outputs('Start_and_wait_for_an_approval')?['body/outcome']","Approve"]},"type":"If"}},"runAfter":{},"type":"Foreach","runtimeConfiguration":{"concurrency":{"repetitions":20}}}},"runAfter":{"Apply_to_each_-_Update_Status_to_Approval_Started":["Succeeded"]},"type":"Scope"},"Initialize_variable_-_Manager":{"runAfter":{"Initialize_variable_-_MissingManager":["Succeeded"]},"type":"InitializeVariable","inputs":{"variables":[{"name":"Manager","type":"string"}]},"description":"Variable for Manager"},"Initialize_variable_-_MissingManager":{"runAfter":{},"type":"InitializeVariable","inputs":{"variables":[{"name":"MissingManager","type":"string","value":"admin@m365x787726.onmicrosoft.com"}]},"description":"Variable where you missing manager"},"Initialize_variable_-_FinalApproval":{"runAfter":{"Initialize_variable_-_Manager":["Succeeded"]},"type":"InitializeVariable","inputs":{"variables":[{"name":"FinalApproval","type":"string","value":"admin@m365x787726.onmicrosoft.com"}]},"description":"Who the final approval goes to"},"Apply_to_each_-_Update_Status_to_Approval_Started":{"foreach":"@outputs('Get_items')?['body/value']","actions":{"Update_item_-_Change_status_to_Approval_Started":{"runAfter":{},"type":"OpenApiConnection","inputs":{"host":{"apiId":"/providers/Microsoft.PowerApps/apis/shared_sharepointonline","connectionName":"shared_sharepointonline","operationId":"PatchItem"},"parameters":{"dataset":"https://m365x787726.sharepoint.com/sites/ContosoServiceDesk","table":"352ed0a3-632a-454d-8e2a-0f0696c39439","id":"@items('Apply_to_each_-_Update_Status_to_Approval_Started')?['ID']","item/ApprovalStatus/Value":"Approval Started"},"authentication":"@parameters('$authentication')"}}},"runAfter":{"Get_items":["Succeeded"]},"type":"Foreach"}}},"connectionReferences":{"shared_sharepointonline":{"connectionName":"shared-sharepointonl-b0a071df-4031-4c5f-ad99-7936cc426ab5","source":"Embedded","id":"/providers/Microsoft.PowerApps/apis/shared_sharepointonline","tier":"NotSpecified"},"shared_office365users":{"connectionName":"cc5f5b1276cc47db81121dd5a0423f7a","source":"Embedded","id":"/providers/Microsoft.PowerApps/apis/shared_office365users","tier":"NotSpecified"},"shared_approvals":{"connectionName":"shared-approvals-ed5cb390-2d27-4dca-8c7b-32eb18fdf80b","source":"Embedded","id":"/providers/Microsoft.PowerApps/apis/shared_approvals","tier":"NotSpecified"},"shared_teams":{"connectionName":"shared-teams-062204a7-fe22-47f6-ad37-c3487c6f2c1e","source":"Embedded","id":"/providers/Microsoft.PowerApps/apis/shared_teams","tier":"NotSpecified"}},"flowFailureAlertSubscribed":false}}