<ImportExportXml xmlns:xsi="http://www.w3.org/2001/XMLSchema-instance">
  <Entities></Entities>
  <Roles></Roles>
  <Workflows>
    <Workflow WorkflowId="{1ae8b33a-8e14-eb11-a813-000d3a59fc39}" Name="Update Team Request Status">
      <JsonFileName>/Workflows/UpdateTeamRequestStatus-1AE8B33A-8E14-EB11-A813-000D3A59FC39.json</JsonFileName>
      <Type>1</Type>
      <Subprocess>0</Subprocess>
      <Category>5</Category>
      <Mode>0</Mode>
      <Scope>4</Scope>
      <OnDemand>0</OnDemand>
      <TriggerOnCreate>0</TriggerOnCreate>
      <TriggerOnDelete>0</TriggerOnDelete>
      <AsyncAutodelete>0</AsyncAutodelete>
      <SyncWorkflowLogOnFailure>0</SyncWorkflowLogOnFailure>
      <StateCode>0</StateCode>
      <StatusCode>1</StatusCode>
      <RunAs>1</RunAs>
      <IsTransacted>1</IsTransacted>
      <IntroducedVersion>1.0.0.0</IntroducedVersion>
      <IsCustomizable>1</IsCustomizable>
      <BusinessProcessType>0</BusinessProcessType>
      <IsCustomProcessingStepAllowedForOtherPublishers>1</IsCustomProcessingStepAllowedForOtherPublishers>
      <PrimaryEntity>none</PrimaryEntity>
      <LocalizedNames>
        <LocalizedName languagecode="1033" description="Update Team Request Status" />
      </LocalizedNames>
    </Workflow>
    <Workflow WorkflowId="{1be8b33a-8e14-eb11-a813-000d3a59fc39}" Name="Create Team from App - Scheduled">
      <JsonFileName>/Workflows/CreateTeamfromApp-Scheduled-1BE8B33A-8E14-EB11-A813-000D3A59FC39.json</JsonFileName>
      <Type>1</Type>
      <Subprocess>0</Subprocess>
      <Category>5</Category>
      <Mode>0</Mode>
      <Scope>4</Scope>
      <OnDemand>0</OnDemand>
      <TriggerOnCreate>0</TriggerOnCreate>
      <TriggerOnDelete>0</TriggerOnDelete>
      <AsyncAutodelete>0</AsyncAutodelete>
      <SyncWorkflowLogOnFailure>0</SyncWorkflowLogOnFailure>
      <StateCode>0</StateCode>
      <StatusCode>1</StatusCode>
      <RunAs>1</RunAs>
      <IsTransacted>1</IsTransacted>
      <IntroducedVersion>1.0.0.0</IntroducedVersion>
      <IsCustomizable>1</IsCustomizable>
      <BusinessProcessType>0</BusinessProcessType>
      <IsCustomProcessingStepAllowedForOtherPublishers>1</IsCustomProcessingStepAllowedForOtherPublishers>
      <PrimaryEntity>none</PrimaryEntity>
      <LocalizedNames>
        <LocalizedName languagecode="1033" description="Create Team from App - Scheduled" />
      </LocalizedNames>
    </Workflow>
  </Workflows>
  <FieldSecurityProfiles></FieldSecurityProfiles>
  <Templates />
  <EntityMaps />
  <EntityRelationships />
  <OrganizationSettings />
  <optionsets />
  <CustomControls />
  <EntityDataProviders />
  <CanvasApps>
    <CanvasApp>
      <Name>cr1c1_requestateam_26a65</Name>
      <AppVersion>2020-10-25T22:57:47Z</AppVersion>
      <Status>Ready</Status>
      <CreatedByClientVersion>3.20101.20.0</CreatedByClientVersion>
      <MinClientVersion>3.20101.20.0</MinClientVersion>
      <Tags>{"primaryDeviceWidth":"1136","primaryDeviceHeight":"640","sienaVersion":"610744da-5f69-49d0-a719-821bf68bf37a","deviceCapabilities":"","supportsPortrait":"false","supportsLandscape":"true","primaryFormFactor":"Phone","publisherVersion":"3.20101.20","minimumRequiredApiVersion":"2.2.0","hasComponent":"false","hasUnlockedComponent":"false","isUnifiedRootApp":"false"}</Tags>
      <IsCdsUpgraded>0</IsCdsUpgraded>
      <GalleryItemId xsi:nil="true"></GalleryItemId>
      <BackgroundColor>rgba(165, 34, 55, 1)</BackgroundColor>
      <DisplayName>Request A Team</DisplayName>
      <Description>Request A Team</Description>
      <CommitMessage xsi:nil="true"></CommitMessage>
      <Publisher></Publisher>
      <AuthorizationReferences xsi:nil="true"></AuthorizationReferences>
      <ConnectionReferences>{"cb820dee-27e2-4336-b135-ed71031f5a32":{"id":"/providers/microsoft.powerapps/apis/shared_sharepointonline","displayName":"SharePoint","iconUri":"https://connectoricons-prod.azureedge.net/releases/v1.0.1402/1.0.1402.2163/sharepointonline/icon.png","dataSources":["TeamRequest"],"dependencies":[],"dependents":[],"parameterHints":{},"isOnPremiseConnection":false,"bypassConsent":false,"dataSets":{"https://m365x787726.sharepoint.com/sites/ContosoServiceDesk":{"dataSources":{"TeamRequest":{"tableName":"352ed0a3-632a-454d-8e2a-0f0696c39439"}}}},"apiTier":"Standard"}}</ConnectionReferences>
      <DatabaseReferences>{}</DatabaseReferences>
      <CanConsumeAppPass>1</CanConsumeAppPass>
      <CanvasAppType>0</CanvasAppType>
      <BypassConsent>0</BypassConsent>
      <AdminControlBypassConsent>0</AdminControlBypassConsent>
      <EmbeddedApp xsi:nil="true"></EmbeddedApp>
      <IntroducedVersion>1.0</IntroducedVersion>
      <CdsDependencies>{"cdsdependencies":[]}</CdsDependencies>
      <BackgroundImageUri>/CanvasApps/cr1c1_requestateam_26a65_BackgroundImageUri</BackgroundImageUri>
      <DocumentUri>/CanvasApps/cr1c1_requestateam_26a65_DocumentUri.msapp</DocumentUri>
    </CanvasApp>
  </CanvasApps>
  <Languages>
    <Language>1033</Language>
  </Languages>
</ImportExportXml>